class,precision,recall,f1-score,support,Category,patch_size,data_type
Non-Forest,0.9804114820746581,0.9821862015057391,0.9812980393768752,24307.0,Overall,1,train_data
Pine,0.8672639787622366,0.8745677635248187,0.8709005581627837,17930.0,Overall,1,train_data
Nut Pine,0.8562405053170224,0.8879767827529021,0.871819921032279,12060.0,Overall,1,train_data
Larch,0.9334021198761843,0.9289581777445856,0.9311748467692884,21424.0,Overall,1,train_data
Mongolian Oak,0.8960701664750713,0.8884667342114151,0.8922522522522522,23688.0,Overall,1,train_data
Oriental Oak,0.8645913966604003,0.8486838534599729,0.8565637753005944,18425.0,Overall,1,train_data
accuracy,0.9067756335183393,0.9067756335183393,0.9067756335183393,0.9067756335183393,Overall,1,train_data
macro avg,0.8996632748609289,0.9018065855332389,0.9006682321490121,117834.0,Overall,1,train_data
weighted avg,0.9068738999887608,0.9067756335183393,0.906776953401325,117834.0,Overall,1,train_data
Conifer,0.9693861723990849,0.980853359489946,0.9750860530652443,50975.0,Conifer vs Broadleaf,1,train_data
Broadleaf,0.9764660493827161,0.9624717765894236,0.9694184111936994,42075.0,Conifer vs Broadleaf,1,train_data
accuracy,0.9725416442772703,0.9725416442772703,0.9725416442772703,0.9725416442772703,Conifer vs Broadleaf,1,train_data
macro avg,0.9729261108909004,0.9716625680396849,0.9722522321294719,93050.0,Conifer vs Broadleaf,1,train_data
weighted avg,0.9725875246192492,0.9725416442772703,0.9725232800212329,93050.0,Conifer vs Broadleaf,1,train_data
Pine,0.911156304474143,0.9153046929722157,0.9132257876652495,17132.0,Conifer,1,train_data
Nut Pine,0.8724236252545825,0.90067283431455,0.886323194703083,11890.0,Conifer,1,train_data
Larch,0.9701667154138637,0.9487533965772036,0.9593405798847943,20977.0,Conifer,1,train_data
accuracy,0.9258585171703434,0.9258585171703434,0.9258585171703434,0.9258585171703434,Conifer,1,train_data
macro avg,0.9179155483808631,0.9215769746213232,0.9196298540843756,49999.0,Conifer,1,train_data
weighted avg,0.9267032120995344,0.9258585171703434,0.9261756099830806,49999.0,Conifer,1,train_data
Mongolian Oak,0.9187584581132405,0.9151230541786243,0.9169371528155975,22998.0,Broadleaf,1,train_data
Oriental Oak,0.8890215475581329,0.8936449879986285,0.8913272722090803,17498.0,Broadleaf,1,train_data
accuracy,0.9058425523508494,0.9058425523508494,0.9058425523508494,0.9058425523508494,Broadleaf,1,train_data
macro avg,0.9038900028356867,0.9043840210886264,0.9041322125123389,40496.0,Broadleaf,1,train_data
weighted avg,0.9059093752187998,0.9058425523508494,0.9058713267870308,40496.0,Broadleaf,1,train_data
Non-Forest,0.9589689637033141,0.9597262437483548,0.9593474542823314,3799.0,Overall,1,validation
Pine,0.7903622356990657,0.8153533987149137,0.8026633374947981,5914.0,Overall,1,validation
Nut Pine,0.9007588156524327,0.8434104207300084,0.8711418087632204,7178.0,Overall,1,validation
Larch,0.9244701823558403,0.9564053537284894,0.9401666562245473,7845.0,Overall,1,validation
Mongolian Oak,0.7135156455429924,0.8597908745247148,0.7798534272165542,6312.0,Overall,1,validation
Oriental Oak,0.7997938144329897,0.6309368900455433,0.7054009819967269,6148.0,Overall,1,validation
accuracy,0.8423217550274223,0.8423217550274223,0.8423217550274223,0.8423217550274223,Overall,1,validation
macro avg,0.8479782762311058,0.8442705302486707,0.8430956109963629,37196.0,Overall,1,validation
weighted avg,0.8456899623660954,0.8423217550274223,0.8409349217134519,37196.0,Overall,1,validation
Conifer,0.9637149028077754,0.9656150812734443,0.9646640563069016,20794.0,Conifer vs Broadleaf,1,validation
Broadleaf,0.9423665968079962,0.9392624728850325,0.940811974409528,12447.0,Conifer vs Broadleaf,1,validation
accuracy,0.9557474203543816,0.9557474203543816,0.9557474203543816,0.9557474203543816,Conifer vs Broadleaf,1,validation
macro avg,0.9530407498078858,0.9524387770792384,0.9527380153582148,33241.0,Conifer vs Broadleaf,1,validation
weighted avg,0.9557210890001507,0.9557474203543816,0.955732710577934,33241.0,Conifer vs Broadleaf,1,validation
Pine,0.8355570958239473,0.8932938125231568,0.8634613662816725,5398.0,Conifer,1,validation
Nut Pine,0.9157464831341703,0.8663423010875787,0.8903595852636224,6988.0,Conifer,1,validation
Larch,0.9747953748213589,0.975302222799948,0.9750487329434697,7693.0,Conifer,1,validation
accuracy,0.9153344290054286,0.9153344290054286,0.9153344290054286,0.9153344290054286,Conifer,1,validation
macro avg,0.9086996512598254,0.9116461121368945,0.9096232281629214,20079.0,Conifer,1,validation
weighted avg,0.9168123136560568,0.9153344290054286,0.9155758324391042,20079.0,Conifer,1,validation
Mongolian Oak,0.7587026422480079,0.8917186986526454,0.8198504418762748,6086.0,Broadleaf,1,validation
Oriental Oak,0.8547818422212429,0.6920606601248885,0.7648624667258208,5605.0,Broadleaf,1,validation
accuracy,0.7959969207082371,0.7959969207082371,0.7959969207082371,0.7959969207082371,Broadleaf,1,validation
macro avg,0.8067422422346253,0.791889679388767,0.7923564543010477,11691.0,Broadleaf,1,validation
weighted avg,0.8047657605313011,0.7959969207082371,0.79348763281646,11691.0,Broadleaf,1,validation
Non-Forest,0.9701858855717389,0.9920187600279755,0.980980858810846,24307.0,Overall,3,train_data
Pine,0.8818227064093347,0.8893474623535973,0.8855691000472051,17930.0,Overall,3,train_data
Nut Pine,0.8356474714995615,0.9481757877280266,0.8883623368551895,12060.0,Overall,3,train_data
Larch,0.9780799255544641,0.8830750560119492,0.9281526725047219,21424.0,Overall,3,train_data
Mongolian Oak,0.9536129748515711,0.8340087808172915,0.8898097061141763,23688.0,Overall,3,train_data
Oriental Oak,0.8082068737294946,0.9278697421981004,0.8639142958209106,18425.0,Overall,3,train_data
accuracy,0.9103060237282957,0.9103060237282957,0.9103060237282957,0.9103060237282957,Overall,3,train_data
macro avg,0.9045926396026941,0.9124159315228234,0.9061314950255083,117834.0,Overall,3,train_data
weighted avg,0.9157465423784742,0.9103060237282957,0.9107454686772006,117834.0,Overall,3,train_data
Conifer,0.9745300419920725,0.9780998897116748,0.9763117026086614,50776.0,Conifer vs Broadleaf,3,train_data
Broadleaf,0.9734123947972456,0.9691025946203284,0.9712527136961138,42010.0,Conifer vs Broadleaf,3,train_data
accuracy,0.9740262539607268,0.9740262539607268,0.9740262539607268,0.9740262539607268,Conifer vs Broadleaf,3,train_data
macro avg,0.973971218394659,0.9736012421660016,0.9737822081523876,92786.0,Conifer vs Broadleaf,3,train_data
weighted avg,0.9740240135108935,0.9740262539607268,0.9740211833038511,92786.0,Conifer vs Broadleaf,3,train_data
Pine,0.9377793460362268,0.9237096680762324,0.930691335687396,17263.0,Conifer,3,train_data
Nut Pine,0.848293768545994,0.9599563465413029,0.9006773787019533,11912.0,Conifer,3,train_data
Larch,0.9863920750782065,0.9233735174971937,0.9538430512490862,20489.0,Conifer,3,train_data
accuracy,0.9322648195876289,0.9322648195876289,0.9322648195876289,0.9322648195876289,Conifer,3,train_data
macro avg,0.9241550632201424,0.9356798440382431,0.9284039218794785,49664.0,Conifer,3,train_data
weighted avg,0.9363713645260276,0.9322648195876289,0.9330437286588216,49664.0,Conifer,3,train_data
Mongolian Oak,0.9654970188642361,0.8623308598865125,0.9110024900857695,22910.0,Broadleaf,3,train_data
Oriental Oak,0.844246913580247,0.960341534659027,0.8985598654472826,17802.0,Broadleaf,3,train_data
accuracy,0.9051876596580861,0.9051876596580861,0.9051876596580861,0.9051876596580861,Broadleaf,3,train_data
macro avg,0.9048719662222415,0.9113361972727698,0.904781177766526,40712.0,Broadleaf,3,train_data
weighted avg,0.9124783910821185,0.9051876596580861,0.9055617452485141,40712.0,Broadleaf,3,train_data
Non-Forest,0.9310258339603712,0.9770992366412213,0.9535062933470331,3799.0,Overall,3,validation
Pine,0.7835018963337548,0.838349678728441,0.8099983662800196,5914.0,Overall,3,validation
Nut Pine,0.901392277881441,0.8748955140707718,0.8879462707670555,7178.0,Overall,3,validation
Larch,0.9768418201516793,0.9194391332058636,0.9472716527677457,7845.0,Overall,3,validation
Mongolian Oak,0.8012618296529969,0.8048162230671736,0.8030350932658867,6312.0,Overall,3,validation
Oriental Oak,0.7655896607431341,0.7708197787898503,0.7681958177986707,6148.0,Overall,3,validation
accuracy,0.8598236369502097,0.8598236369502097,0.8598236369502097,0.8598236369502097,Overall,3,validation
macro avg,0.8599355531205629,0.864236594083887,0.8616589157044019,37196.0,Overall,3,validation
weighted avg,0.8621498309193109,0.8598236369502097,0.8605589469473818,37196.0,Overall,3,validation
Conifer,0.9708234381815538,0.9664206107975105,0.9686170212765958,20727.0,Conifer vs Broadleaf,3,validation
Broadleaf,0.9442709584434302,0.9514320290439694,0.9478379681723196,12395.0,Conifer vs Broadleaf,3,validation
accuracy,0.9608115451965461,0.9608115451965461,0.9608115451965461,0.9608115451965461,Conifer vs Broadleaf,3,validation
macro avg,0.957547198312492,0.95892631992074,0.9582274947244577,33122.0,Conifer vs Broadleaf,3,validation
weighted avg,0.9608869009448519,0.9608115451965461,0.9608410305988739,33122.0,Conifer vs Broadleaf,3,validation
Pine,0.8431972789115646,0.9108947271725152,0.8757396449704142,5443.0,Conifer,3,validation
Nut Pine,0.915051726650153,0.8935685828116107,0.904182564250234,7028.0,Conifer,3,validation
Larch,0.9897091108671789,0.9541005291005291,0.9715786637931034,7560.0,Conifer,3,validation
accuracy,0.9211222604962308,0.9211222604962308,0.9211222604962308,0.9211222604962308,Conifer,3,validation
macro avg,0.9159860388096321,0.919521279694885,0.9171669576712507,20031.0,Conifer,3,validation
weighted avg,0.9237036194982174,0.9211222604962308,0.9218901027108217,20031.0,Conifer,3,validation
Mongolian Oak,0.829929750040843,0.8448361882587727,0.8373166309543433,6013.0,Broadleaf,3,validation
Oriental Oak,0.8355077574047954,0.8198961937716263,0.8276283618581907,5780.0,Broadleaf,3,validation
accuracy,0.8326125667769015,0.8326125667769015,0.8326125667769015,0.8326125667769015,Broadleaf,3,validation
macro avg,0.8327187537228192,0.8323661910151995,0.832472496406267,11793.0,Broadleaf,3,validation
weighted avg,0.8326636500292807,0.8326125667769015,0.8325682043134749,11793.0,Broadleaf,3,validation
Non-Forest,0.9862770955246023,0.9934002988543915,0.9898258819636875,24092.0,Overall,5,train_data
Pine,0.9350110776572175,0.9248187896836545,0.9298870056497175,17797.0,Overall,5,train_data
Nut Pine,0.9333601933924255,0.9620431893687708,0.9474846625766871,12040.0,Overall,5,train_data
Larch,0.9711160566314693,0.9632256246477551,0.9671547475890688,21292.0,Overall,5,train_data
Mongolian Oak,0.9618185830942397,0.9225232853513972,0.9417612101566721,23620.0,Overall,5,train_data
Oriental Oak,0.9148657841033959,0.9542105550401135,0.9341240583426832,18323.0,Overall,5,train_data
accuracy,0.9538595473012188,0.9538595473012188,0.9538595473012188,0.9538595473012188,Overall,5,train_data
macro avg,0.9504081317338917,0.9533702904910136,0.9517062610464193,117164.0,Overall,5,train_data
weighted avg,0.9541982215996273,0.9538595473012188,0.9538494188984716,117164.0,Overall,5,train_data
Conifer,0.9859041718946048,0.9894150746650402,0.9876565031668876,50827.0,Conifer vs Broadleaf,5,train_data
Broadleaf,0.9871079053940716,0.9828450085894255,0.9849718446253721,41912.0,Conifer vs Broadleaf,5,train_data
accuracy,0.9864458318506777,0.9864458318506777,0.9864458318506777,0.9864458318506777,Conifer vs Broadleaf,5,train_data
macro avg,0.9865060386443382,0.9861300416272328,0.9863141738961299,92739.0,Conifer vs Broadleaf,5,train_data
weighted avg,0.9864481811941405,0.9864458318506777,0.9864432120079146,92739.0,Conifer vs Broadleaf,5,train_data
Pine,0.9633032892426548,0.9528192659488248,0.9580325960419093,17274.0,Conifer,5,train_data
Nut Pine,0.9388069379153834,0.9690454279260436,0.9536865505742868,11953.0,Conifer,5,train_data
Larch,0.9829379343398035,0.9737441838381921,0.9783194600138335,21062.0,Conifer,5,train_data
accuracy,0.9654397581976177,0.9654397581976177,0.9654397581976177,0.9654397581976177,Conifer,5,train_data
macro avg,0.9616827204992805,0.9652029592376868,0.9633462022100098,50289.0,Conifer,5,train_data
weighted avg,0.9657042120611891,0.9654397581976177,0.9654961297670217,50289.0,Conifer,5,train_data
Mongolian Oak,0.975118589456726,0.9411307389971062,0.9578232488626124,23153.0,Broadleaf,5,train_data
Oriental Oak,0.9276807980049875,0.969179600886918,0.9479762517960257,18040.0,Broadleaf,5,train_data
accuracy,0.9534144150705217,0.9534144150705217,0.9534144150705217,0.9534144150705217,Broadleaf,5,train_data
macro avg,0.9513996937308568,0.9551551699420121,0.9528997503293191,41193.0,Broadleaf,5,train_data
weighted avg,0.9543437549511217,0.9534144150705217,0.9535108698884851,41193.0,Broadleaf,5,train_data
Non-Forest,0.9554339327599687,0.9729299363057324,0.964102564102564,3768.0,Overall,5,validation
Pine,0.853007065311046,0.8404074702886248,0.8466603951081845,5890.0,Overall,5,validation
Nut Pine,0.9313668224299065,0.8890437691664344,0.9097133076593924,7174.0,Overall,5,validation
Larch,0.9522414671421294,0.953942332227609,0.9530911408540472,7838.0,Overall,5,validation
Mongolian Oak,0.7766962496421415,0.8619539316918189,0.8171071455462691,6295.0,Overall,5,validation
Oriental Oak,0.7977059436913452,0.7506132461161079,0.7734434240458338,6115.0,Overall,5,validation
accuracy,0.8761326860841424,0.8761326860841424,0.8761326860841424,0.8761326860841424,Overall,5,validation
macro avg,0.8777419134960897,0.8781484476327212,0.8773529962193818,37080.0,Overall,5,validation
weighted avg,0.8774772279952436,0.8761326860841424,0.876199456287546,37080.0,Overall,5,validation
Conifer,0.9798651158244551,0.9659392012333189,0.9728523253839249,20757.0,Conifer vs Broadleaf,5,validation
Broadleaf,0.9442385046139286,0.9667312661498708,0.9553525116705901,12384.0,Conifer vs Broadleaf,5,validation
accuracy,0.9662351769711234,0.9662351769711234,0.9662351769711234,0.9662351769711234,Conifer vs Broadleaf,5,validation
macro avg,0.9620518102191918,0.9663352336915949,0.9641024185272575,33141.0,Conifer vs Broadleaf,5,validation
weighted avg,0.9665523022934464,0.9662351769711234,0.9663130630494768,33141.0,Conifer vs Broadleaf,5,validation
Pine,0.8853514576998748,0.9229908633227671,0.9037794412999818,5363.0,Conifer,5,validation
Nut Pine,0.9440497335701599,0.9090649942987458,0.9262271275050827,7016.0,Conifer,5,validation
Larch,0.970660781513696,0.9747099465519489,0.9726811499934955,7671.0,Conifer,5,validation
accuracy,0.9379052369077306,0.9379052369077306,0.9379052369077306,0.9379052369077306,Conifer,5,validation
macro avg,0.9333539909279103,0.9355886013911539,0.93422923959952,20050.0,Conifer,5,validation
weighted avg,0.9385302570256475,0.9379052369077306,0.9379957990956391,20050.0,Conifer,5,validation
Mongolian Oak,0.8122754491017964,0.8854438642297651,0.8472829481574017,6128.0,Broadleaf,5,validation
Oriental Oak,0.8673469387755102,0.7854209445585215,0.8243534482758621,5844.0,Broadleaf,5,validation
accuracy,0.8366187771466755,0.8366187771466755,0.8366187771466755,0.8366187771466755,Broadleaf,5,validation
macro avg,0.8398111939386532,0.8354324043941432,0.835818198216632,11972.0,Broadleaf,5,validation
weighted avg,0.8391579905028307,0.8366187771466755,0.836090165221575,11972.0,Broadleaf,5,validation
Non-Forest,0.9858038956751403,0.9915324589075212,0.988659879149077,24092.0,Overall,7,train_data
Pine,0.9205875731652409,0.9190874866550542,0.9198369183185716,17797.0,Overall,7,train_data
Nut Pine,0.9413098236775819,0.9311461794019934,0.9362004175365345,12040.0,Overall,7,train_data
Larch,0.9653087663739743,0.9448619199699417,0.954975909619538,21292.0,Overall,7,train_data
Mongolian Oak,0.890880178786316,0.8776037256562236,0.8841921173861116,23620.0,Overall,7,train_data
Oriental Oak,0.830399582136328,0.8676526769633793,0.8486174869221735,18323.0,Overall,7,train_data
accuracy,0.9235003926120652,0.9235003926120652,0.9235003926120652,0.9235003926120652,Overall,7,train_data
macro avg,0.9223816366357637,0.921980741259019,0.9220804548220012,117164.0,Overall,7,train_data
weighted avg,0.924161093777583,0.9235003926120652,0.9237322689910655,117164.0,Overall,7,train_data
Conifer,0.9871280441778237,0.9771896016045936,0.982133681173169,50854.0,Conifer vs Broadleaf,7,train_data
Broadleaf,0.9726324729863635,0.9845250035821751,0.9785426062188465,41874.0,Conifer vs Broadleaf,7,train_data
accuracy,0.980502113708912,0.980502113708912,0.980502113708912,0.980502113708912,Conifer vs Broadleaf,7,train_data
macro avg,0.9798802585820936,0.9808573025933843,0.9803381436960077,92728.0,Conifer vs Broadleaf,7,train_data
weighted avg,0.9805821513722934,0.980502113708912,0.9805120278145577,92728.0,Conifer vs Broadleaf,7,train_data
Pine,0.9468048159296133,0.9608764612582976,0.9537887401965072,17023.0,Conifer,7,train_data
Nut Pine,0.9496823379923761,0.9417051658966821,0.9456769295655841,11905.0,Conifer,7,train_data
Larch,0.9759860282346092,0.9687951459115862,0.9723772928296961,20766.0,Conifer,7,train_data
accuracy,0.9595927073690989,0.9595927073690989,0.9595927073690989,0.9595927073690989,Conifer,7,train_data
macro avg,0.9574910607188661,0.9571255910221886,0.9572809875305959,49694.0,Conifer,7,train_data
weighted avg,0.9596883422080925,0.9595927073690989,0.9596131612215738,49694.0,Conifer,7,train_data
Mongolian Oak,0.9049198934823417,0.8954211663066954,0.9001454719152354,23150.0,Broadleaf,7,train_data
Oriental Oak,0.8678421311206944,0.8795087408718744,0.8736364885286441,18076.0,Broadleaf,7,train_data
accuracy,0.8884441857080483,0.8884441857080483,0.8884441857080483,0.8884441857080483,Broadleaf,7,train_data
macro avg,0.8863810123015181,0.8874649535892849,0.8868909802219398,41226.0,Broadleaf,7,train_data
weighted avg,0.888662734591129,0.8884441857080483,0.8885223121690551,41226.0,Broadleaf,7,train_data
Non-Forest,0.9423520368946964,0.9761146496815286,0.9589362534219789,3768.0,Overall,7,validation
Pine,0.8266155896069287,0.8426146010186757,0.8345384227341517,5890.0,Overall,7,validation
Nut Pine,0.9414934565050038,0.8523836074714246,0.8947252908040091,7174.0,Overall,7,validation
Larch,0.960967993754879,0.942332227609084,0.9515588765782015,7838.0,Overall,7,validation
Mongolian Oak,0.7547433035714286,0.8594122319301033,0.8036841714328159,6295.0,Overall,7,validation
Oriental Oak,0.7645947802197802,0.7282093213409648,0.7459586230002513,6115.0,Overall,7,validation
accuracy,0.8631337648327939,0.8631337648327939,0.8631337648327939,0.8631337648327939,Overall,7,validation
macro avg,0.8651278600921195,0.8668444398419636,0.8649002729952348,37080.0,Overall,7,validation
weighted avg,0.8665721593001015,0.8631337648327939,0.8637138528172111,37080.0,Overall,7,validation
Conifer,0.9842034672892553,0.9562720208504272,0.9700367197062424,20719.0,Conifer vs Broadleaf,7,validation
Broadleaf,0.9300710095708552,0.9742884864165589,0.9516664034117832,12368.0,Conifer vs Broadleaf,7,validation
accuracy,0.9630066189137728,0.9630066189137728,0.9630066189137728,0.9630066189137728,Conifer vs Broadleaf,7,validation
macro avg,0.9571372384300553,0.965280253633493,0.9608515615590127,33087.0,Conifer vs Broadleaf,7,validation
weighted avg,0.9639686246906162,0.9630066189137728,0.9631698513915002,33087.0,Conifer vs Broadleaf,7,validation
Pine,0.8492470910335387,0.9471374045801527,0.8955250811981235,5240.0,Conifer,7,validation
Nut Pine,0.9518991282689913,0.8826501154734411,0.9159676452965847,6928.0,Conifer,7,validation
Larch,0.9789264413518887,0.9661216481360366,0.9724818959842001,7645.0,Conifer,7,validation
accuracy,0.9319133901983546,0.9319133901983546,0.9319133901983546,0.9319133901983546,Conifer,7,validation
macro avg,0.9266908868848063,0.9319697227298768,0.9279915408263028,19813.0,Conifer,7,validation
weighted avg,0.9351791531720841,0.9319133901983546,0.9323676054556158,19813.0,Conifer,7,validation
Mongolian Oak,0.7850819910027572,0.8845650752125572,0.8318597678173292,6116.0,Broadleaf,7,validation
Oriental Oak,0.8631517735995348,0.7504213009774182,0.8028486432885603,5934.0,Broadleaf,7,validation
accuracy,0.8185062240663901,0.8185062240663901,0.8185062240663901,0.8185062240663901,Broadleaf,7,validation
macro avg,0.824116882301146,0.8174931880949877,0.8173542055529448,12050.0,Broadleaf,7,validation
weighted avg,0.8235273096690874,0.8185062240663901,0.8175732937132865,12050.0,Broadleaf,7,validation
Non-Forest,0.9880194051887787,0.9721484310144446,0.980019666506266,24092.0,Overall,9,train_data
Pine,0.8896922909644449,0.9195370006180817,0.9043684894034427,17797.0,Overall,9,train_data
Nut Pine,0.9096365729320836,0.9188538205980067,0.9142219651268491,12040.0,Overall,9,train_data
Larch,0.9500352195351022,0.9501690775878264,0.9501021438467139,21292.0,Overall,9,train_data
Mongolian Oak,0.9438272993029009,0.8884843353090601,0.9153200305310216,23620.0,Overall,9,train_data
Oriental Oak,0.8759097713312342,0.9261038039622332,0.9003077249575551,18323.0,Overall,9,train_data
accuracy,0.9306186200539415,0.9306186200539415,0.9306186200539415,0.9306186200539415,Overall,9,train_data
macro avg,0.9261867598757575,0.9292160781816087,0.927390003395308,117164.0,Overall,9,train_data
weighted avg,0.9316845361560094,0.9306186200539415,0.9308207698937688,117164.0,Overall,9,train_data
Conifer,0.9805321473158551,0.9870594010800197,0.9837849474992416,50925.0,Conifer vs Broadleaf,9,train_data
Broadleaf,0.9841296599556882,0.9761603325131978,0.9801287970546967,41863.0,Conifer vs Broadleaf,9,train_data
accuracy,0.98214208733888,0.98214208733888,0.98214208733888,0.98214208733888,Conifer vs Broadleaf,9,train_data
macro avg,0.9823309036357717,0.9816098667966087,0.9819568722769692,92788.0,Conifer vs Broadleaf,9,train_data
weighted avg,0.9821552308141667,0.98214208733888,0.9821354084849296,92788.0,Conifer vs Broadleaf,9,train_data
Pine,0.932638057787656,0.9482009386407092,0.9403551111877263,17259.0,Conifer,9,train_data
Nut Pine,0.9320134793597304,0.9235328491526839,0.9277537842257537,11979.0,Conifer,9,train_data
Larch,0.9703582905654947,0.9620981548411641,0.9662105690474484,21028.0,Conifer,9,train_data
accuracy,0.9481359169219751,0.9481359169219751,0.9481359169219751,0.9481359169219751,Conifer,9,train_data
macro avg,0.9450032759042938,0.9446106475448524,0.9447731548203095,50266.0,Conifer,9,train_data
weighted avg,0.9482688863768469,0.9481359169219751,0.9481682905176266,50266.0,Conifer,9,train_data
Mongolian Oak,0.9582210857951692,0.9131891562595187,0.9351633171427298,22981.0,Broadleaf,9,train_data
Oriental Oak,0.8948006749630879,0.9488369492283606,0.9210269214068606,17884.0,Broadleaf,9,train_data
accuracy,0.9287899180227579,0.9287899180227579,0.9287899180227579,0.9287899180227579,Broadleaf,9,train_data
macro avg,0.9265108803791285,0.9310130527439396,0.9280951192747953,40865.0,Broadleaf,9,train_data
weighted avg,0.9304660233377866,0.9287899180227579,0.9289767197772512,40865.0,Broadleaf,9,train_data
Non-Forest,0.9748839748839749,0.9477176220806794,0.9611088682546092,3768.0,Overall,9,validation
Pine,0.832541373095199,0.8626485568760611,0.8473276077711999,5890.0,Overall,9,validation
Nut Pine,0.9384147225039849,0.9027042096459437,0.9202131438721136,7174.0,Overall,9,validation
Larch,0.948180677540778,0.9641490176065323,0.956098178137652,7838.0,Overall,9,validation
Mongolian Oak,0.7935330762385049,0.8498808578236696,0.8207409680141137,6295.0,Overall,9,validation
Oriental Oak,0.7998596737414488,0.7457072771872445,0.7718348002708193,6115.0,Overall,9,validation
accuracy,0.8790453074433657,0.8790453074433657,0.8790453074433657,0.8790453074433657,Overall,9,validation
macro avg,0.8812355830006484,0.8788012568700218,0.8795539277200847,37080.0,Overall,9,validation
weighted avg,0.8799215613417501,0.8790453074433657,0.879019920092829,37080.0,Overall,9,validation
Conifer,0.9729197676093533,0.973200134479612,0.9730599308490204,20821.0,Conifer vs Broadleaf,9,validation
Broadleaf,0.9549745824255628,0.9545124606823131,0.9547434656340755,12399.0,Conifer vs Broadleaf,9,validation
accuracy,0.9662251655629139,0.9662251655629139,0.9662251655629139,0.9662251655629139,Conifer vs Broadleaf,9,validation
macro avg,0.963947175017458,0.9638562975809626,0.963901698241548,33220.0,Conifer vs Broadleaf,9,validation
weighted avg,0.9662219244096598,0.9662251655629139,0.9662235114570848,33220.0,Conifer vs Broadleaf,9,validation
Pine,0.8746772249956963,0.9416234247590808,0.9069165551093262,5396.0,Conifer,9,validation
Nut Pine,0.9591232227488151,0.9094228338716472,0.9336120521877027,7121.0,Conifer,9,validation
Larch,0.9811737211113997,0.9756003098373354,0.978379078197825,7746.0,Conifer,9,validation
accuracy,0.9432956620441199,0.9432956620441199,0.9432956620441199,0.9432956620441199,Conifer,9,validation
macro avg,0.9383247229519703,0.9422155228226878,0.9396358951649514,20263.0,Conifer,9,validation
weighted avg,0.9450647198835312,0.9432956620441199,0.9436163201262847,20263.0,Conifer,9,validation
Mongolian Oak,0.818418234664219,0.878777923784494,0.8475247524752474,6088.0,Broadleaf,9,validation
Oriental Oak,0.8607021517553793,0.7934574560640334,0.82571299230421,5747.0,Broadleaf,9,validation
accuracy,0.8373468525559781,0.8373468525559781,0.8373468525559781,0.8373468525559781,Broadleaf,9,validation
macro avg,0.8395601932097991,0.8361176899242637,0.8366188723897288,11835.0,Broadleaf,9,validation
weighted avg,0.8389510332719841,0.8373468525559781,0.8369331018032615,11835.0,Broadleaf,9,validation
Non-Forest,0.9747400311143863,0.9969015617803458,0.9856962470761141,23883.0,Overall,11,train_data
Pine,0.946586272001949,0.8796694589087616,0.9119018980843137,17668.0,Overall,11,train_data
Nut Pine,0.9590062111801242,0.8990184661454002,0.9280439635926497,12022.0,Overall,11,train_data
Larch,0.9142234283934689,0.9708953460902433,0.9417075294441135,21165.0,Overall,11,train_data
Mongolian Oak,0.9442052465710862,0.9039989800688454,0.9236647850629613,23531.0,Overall,11,train_data
Oriental Oak,0.8774730099695233,0.9327878754598868,0.9042853340431194,18211.0,Overall,11,train_data
accuracy,0.9354996565934066,0.9354996565934066,0.9354996565934066,0.9354996565934066,Overall,11,train_data
macro avg,0.9360390332050895,0.9305452814089139,0.9325499595505452,116480.0,Overall,11,train_data
weighted avg,0.9364738031525565,0.9354996565934066,0.9353000246466671,116480.0,Overall,11,train_data
Conifer,0.9859694641253368,0.9820104558013796,0.9839859777715811,50307.0,Conifer vs Broadleaf,11,train_data
Broadleaf,0.9783880597014926,0.9831305641542486,0.9807535787810601,41673.0,Conifer vs Broadleaf,11,train_data
accuracy,0.9825179386823223,0.9825179386823223,0.9825179386823223,0.9825179386823223,Conifer vs Broadleaf,11,train_data
macro avg,0.9821787619134147,0.9825705099778141,0.9823697782763205,91980.0,Conifer vs Broadleaf,11,train_data
weighted avg,0.9825345884289369,0.9825179386823223,0.9825214880658626,91980.0,Conifer vs Broadleaf,11,train_data
Pine,0.9643832216430877,0.9289898386132696,0.9463557206356938,16730.0,Conifer,11,train_data
Nut Pine,0.963022364786599,0.9165535956580733,0.9392135563762763,11792.0,Conifer,11,train_data
Larch,0.9313783257036667,0.984147509578544,0.9570360710709545,20880.0,Conifer,11,train_data
accuracy,0.9493340350593094,0.9493340350593094,0.9493340350593094,0.9493340350593094,Conifer,11,train_data
macro avg,0.9529279707111179,0.943230314616629,0.9475351160276415,49402.0,Conifer,11,train_data
weighted avg,0.950108709451945,0.9493340350593094,0.949165026253709,49402.0,Conifer,11,train_data
Mongolian Oak,0.9622291581851902,0.9189562813202005,0.9400950171251795,23148.0,Broadleaf,11,train_data
Oriental Oak,0.9005460425170969,0.953147794860285,0.9261005860706011,17822.0,Broadleaf,11,train_data
accuracy,0.9338296314376373,0.9338296314376373,0.9338296314376373,0.9338296314376373,Broadleaf,11,train_data
macro avg,0.9313876003511435,0.9360520380902427,0.9330978015978904,40970.0,Broadleaf,11,train_data
weighted avg,0.9353969275911761,0.9338296314376373,0.934007422537562,40970.0,Broadleaf,11,train_data
Non-Forest,0.9259259259259259,0.9798657718120806,0.9521325159775662,3725.0,Overall,11,validation
Pine,0.8702370500438982,0.8435744680851064,0.8566983578219534,5875.0,Overall,11,validation
Nut Pine,0.9633207794334371,0.8202732849972114,0.8860606973416674,7172.0,Overall,11,validation
Larch,0.8841001747233547,0.9689774032937571,0.9245949567547813,7833.0,Overall,11,validation
Mongolian Oak,0.785122766235653,0.8610579987253028,0.8213390075233681,6276.0,Overall,11,validation
Oriental Oak,0.7818973020017407,0.739302172481896,0.7600033838084765,6076.0,Overall,11,validation
accuracy,0.8651946857158319,0.8651946857158319,0.8651946857158319,0.8651946857158319,Overall,11,validation
macro avg,0.868433999727335,0.8688418498992257,0.8668048198713021,36957.0,Overall,11,validation
weighted avg,0.8678747877166479,0.8651946857158319,0.8645041605934467,36957.0,Overall,11,validation
Conifer,0.9733130191182975,0.9610792972920509,0.9671574732009864,20606.0,Conifer vs Broadleaf,11,validation
Broadleaf,0.9363138251409513,0.9559753526836388,0.946042443936294,12334.0,Conifer vs Broadleaf,11,validation
accuracy,0.9591681845780207,0.9591681845780207,0.9591681845780207,0.9591681845780207,Conifer vs Broadleaf,11,validation
macro avg,0.9548134221296244,0.9585273249878448,0.9565999585686402,32940.0,Conifer vs Broadleaf,11,validation
weighted avg,0.9594591011305444,0.9591681845780207,0.9592511960015112,32940.0,Conifer vs Broadleaf,11,validation
Pine,0.8907260963335729,0.9400606980273141,0.9147286821705425,5272.0,Conifer,11,validation
Nut Pine,0.9714332892998679,0.856456543892852,0.9103288201160542,6869.0,Conifer,11,validation
Larch,0.9274193548387096,0.9904737048153465,0.9579100145137881,7663.0,Conifer,11,validation
accuracy,0.9305695819026459,0.9305695819026459,0.9305695819026459,0.9305695819026459,Conifer,11,validation
macro avg,0.9298595801573835,0.9289969822451708,0.9276558389334616,19804.0,Conifer,11,validation
weighted avg,0.932917479307232,0.9305695819026459,0.9299112663603027,19804.0,Conifer,11,validation
Mongolian Oak,0.8231530845392232,0.8804170739654611,0.850822640321184,6138.0,Broadleaf,11,validation
Oriental Oak,0.8595484117872177,0.7946223244295064,0.8258111958819744,5653.0,Broadleaf,11,validation
accuracy,0.8392841998134171,0.8392841998134171,0.8392841998134171,0.8392841998134171,Broadleaf,11,validation
macro avg,0.8413507481632205,0.8375196991974838,0.8383169181015793,11791.0,Broadleaf,11,validation
weighted avg,0.840602222435323,0.8392841998134171,0.8388313168189491,11791.0,Broadleaf,11,validation
